name,games
Mack,Cricket
Moss,Cricket
Thekla,Football
Biddie,Football
Sophronia,Football
Myrilla,Football
Doria,Basketball
Staci,Football
Barnaby,
Chauncey,Football
Kendricks,
Hermia,Football
Westleigh,Basketball
Sabina,Basketball
Kacey,Football
Gaylord,Volleyball
Emyle,Football
Gerome,Volleyball
Emilie,Volleyball
Ardene,Badminton
Adrea,Cricket
Estrella,Cricket
Mateo,Football
Morry,Table Tennis
Thayne,Football
Merna,Basketball
Genevieve,Volleyball
Arther,Cricket
Maure,Badminton
Jacquette,
Row,Basketball
Darb,Cricket
Josefina,Cricket
Kaja,Football
Brennen,Volleyball
Lynnet,Football
Sasha,Volleyball
Dosi,Table Tennis
Demetra,Football
Merissa,Badminton
Jody,Volleyball
Myrvyn,Badminton
Kylila,Volleyball
Emlynne,Cricket
Mira,Cricket
Hailey,Basketball
Gale,Cricket
Fidela,Football
Paola,Cricket
Shanan,Cricket
Bessy,Table Tennis
Tiffanie,Cricket
Liza,Basketball
Laverne,Cricket
Luca,Table Tennis
Damian,Cricket
Law,Football
Chickie,Basketball
Woodrow,Football
Laureen,Badminton
Rivkah,Volleyball
Conrade,Football
Kingsly,Table Tennis
Gabby,Badminton
Angeli,Football
Lombard,Football
Delmor,Football
Gwyn,Football
Garey,Football
Bobbi,Basketball
Harald,Table Tennis
Warde,Badminton
Addy,Football
Mala,
Julio,Volleyball
Collette,Volleyball
Ivory,Basketball
Dona,Football
Andra,Volleyball
Nadeen,Basketball
Twyla,Table Tennis
Sonia,Football
Bone,Badminton
Carolin,Football
Rock,Volleyball
Luce,Football
Zared,Volleyball
Lyndsay,Cricket
Rasla,Cricket
Nananne,Table Tennis
Tobiah,Volleyball
Salomone,Football
Leora,Table Tennis
Amalea,Cricket
Boonie,Football
Kenna,Volleyball
Tildi,Football
Mozes,Football
Ara,Basketball
Auguste,Cricket
Carlin,Football
Reinold,Volleyball
Oliy,Football
Lauraine,
Candace,Volleyball
Lethia,Cricket
Blisse,Cricket
Galvin,Table Tennis
Yves,Cricket
Marshal,Volleyball
Udall,Basketball
Ally,Volleyball
Gilda,Football
Xena,Cricket
Melba,Volleyball
Klara,Volleyball
Bary,Football
Haleigh,Basketball
Rudy,Cricket
Wang,Basketball
Verena,Badminton
Raul,Volleyball
Errol,
Aloisia,Football
Kiley,Volleyball
Briano,Badminton
Lauri,Football
Phoebe,Table Tennis
Rafe,Football
Caleb,Football
Clifford,Volleyball
Arel,Table Tennis
James,Cricket
Emory,Cricket
Mitchell,Volleyball
Ora,Volleyball
Blanche,Cricket
Zuzana,Football
Whitaker,Badminton
Krispin,Basketball
Maddie,Badminton
Gaspar,Volleyball
Zackariah,Volleyball
Juline,Cricket
Roseline,Table Tennis
Anetta,
Kelwin,Badminton
Sheila-kathryn,Badminton
Vasilis,Table Tennis
Jill,Volleyball
Sacha,Basketball
Celestina,Football
Bobby,Cricket
Parsifal,Football
Sly,Table Tennis
Padraic,Volleyball
Odelinda,Badminton
Leone,Football
Claiborne,Cricket
Ave,Football
Louise,Badminton
Rickie,Football
Cleopatra,Football
Jervis,Football
Dewain,Basketball
Jabez,Basketball
Remington,Volleyball
Camile,Football
Rufus,Cricket
Yalonda,Badminton
Gerri,Volleyball
Quinn,Volleyball
Stanislaw,Cricket
Edsel,Volleyball
Alfi,Volleyball
Freeland,Table Tennis
Callean,Table Tennis
Betsy,Basketball
Odille,Basketball
Barbey,Badminton
Krishnah,Tennis
Rafaellle,Volleyball
Gladi,Football
Dominica,Basketball
Sloane,Volleyball
Gale,Football
Edee,Football
Catlin,Badminton
Nat,Cricket
Myrah,Basketball
Zaneta,Football
Cristiano,Volleyball
Cullie,Volleyball
Lani,Football
Doralin,Football
Elnore,Table Tennis
Kathryn,Table Tennis
Ximenes,Football
Puff,Volleyball
Thatch,Football
Bondon,Cricket
Darsey,Football
Casey,Cricket
Daria,Badminton
Jeno,Volleyball
Casey,Basketball
Kingston,Cricket
Jeno,Football
Dorthea,Football
Jorge,
Griffith,Football
Dusty,Cricket
Benedetto,Cricket
Denis,Table Tennis
Querida,Table Tennis
Hart,Table Tennis
Zedekiah,Volleyball
Dela,Badminton
Lexy,Cricket
Troy,Cricket
Tobey,Football
Shaw,Cricket
Caroljean,Cricket
Stearne,Football
Laurella,Volleyball
Urban,Football
Egan,Football
Kordula,Football
Trix,Football
Marshal,Basketball
Kathrine,Football
Dayna,Table Tennis
Andros,Football
Katheryn,Football
Gwendolen,Volleyball
Jo-ann,
Merrile,Table Tennis
Rebecca,Badminton
Calhoun,Basketball
Dorita,Basketball
Margaretta,Football
Masha,Volleyball
Paolo,Basketball
Faunie,Football
Roarke,Volleyball
Audre,Cricket
Doralin,Cricket
Sherwin,
Merilyn,Football
Rudy,Football
Cedric,Cricket
Hillard,Football
Ceil,Volleyball
Katrinka,Tennis
Calli,Volleyball
Claribel,Volleyball
Matthew,Table Tennis
Maria,Football
Ursulina,Table Tennis
Ilario,Football
Shelia,Volleyball
Petunia,Football
Karlik,Football
Crawford,Basketball
Cloe,Badminton
Gillan,Basketball
Burty,Table Tennis
Jessy,Badminton
Chloe,Cricket
Pierce,Table Tennis
Kessiah,Badminton
Karole,Football
Haleigh,Volleyball
Darryl,Table Tennis
Pat,Football
Maris,Football
Dew,Badminton
Zebadiah,Volleyball
Smith,Volleyball
Leena,Badminton
Ikey,Volleyball
Rochella,Volleyball
Nefen,Badminton
Milty,Volleyball
Chrystal,Basketball
Lauretta,Cricket
Tomasine,Football
Jermayne,Football
Jehanna,Basketball
Lauraine,Football
Giffie,Football
Barbara,Volleyball
Ulick,Basketball
Schuyler,Basketball
Fifine,Badminton
Corrine,Table Tennis
Nicholas,Football
Meggi,Football
Alfy,Cricket
Kalil,Volleyball
Gavin,Football
Wallis,Table Tennis
Anjanette,Volleyball
Wylie,
Dewain,Cricket
Quinton,Volleyball
Darbee,Volleyball
Tracy,Table Tennis
Pepe,Cricket
Gale,Football
Theresa,Cricket
Gaile,Volleyball
Nealy,Football
Frank,Basketball
Teodor,Volleyball
Florie,Badminton
Cathlene,Volleyball
Mirabel,Volleyball
Mollee,Cricket
Carena,Volleyball
Torey,Basketball
Mitchael,Football
Waiter,Cricket
Cristine,Football
Merralee,Volleyball
Gregoor,
Terri,Basketball
Charmaine,Cricket
Viola,Volleyball
Augusta,Cricket
Collete,Volleyball
Christoffer,Tennis
Aggi,Table Tennis
Jami,Cricket
Zacherie,Volleyball
Donnell,Volleyball
Feodor,Football
Warner,Badminton
Julita,Badminton
Kaitlin,Table Tennis
Huey,Football
Corene,Volleyball
Ivor,
Winne,Football
Benny,Cricket
Klement,Volleyball
Gilbert,Football
Tedda,Badminton
Shelby,
Ricky,Cricket
Kizzee,Football
Ximenez,Football
Grantham,Cricket
Karla,Volleyball
Marcelline,Table Tennis
Jim,
Penrod,Volleyball
Donovan,Football
Creight,Table Tennis
Latrina,
Gwennie,Volleyball
Celinka,Football
Jacquelynn,Volleyball
Crysta,Cricket
Gleda,Volleyball
Fred,Volleyball
Eliza,Cricket
Issy,Basketball
Sidnee,Volleyball
Coleen,Basketball
Brinn,Volleyball
Tam,Basketball
Debby,Football
Frederico,Badminton
Kristine,Cricket
Aldis,Football
Meryl,Football
Fleming,Badminton
Jaquith,Badminton
Sondra,Football
Mose,Volleyball
Ross,
Maybelle,Volleyball
Con,Cricket
Dirk,Football
Patti,Cricket
Josey,Volleyball
Hillary,Table Tennis
Faina,Basketball
Lizzie,Football
Calli,Football
Quillan,
Olympie,Basketball
Rudie,Football
Sloane,Badminton
Lonnard,Football
Maurise,Football
Prudy,Volleyball
Gan,Cricket
Ellery,Volleyball
Tiphany,Volleyball
Christy,Badminton
Parrnell,Cricket
Michaelina,Football
Mariam,Volleyball
Riordan,Basketball
Flossi,Football
Ryon,Football
Cointon,Badminton
